590,00:26:56
1650,00:27:56
6,00:29:32
409,00:29:44
757,00:30:04
439,00:30:30
1838,00:30:59
286,00:31:03
24,00:31:29
1995,00:31:34
1982,00:32:02
1813,00:32:11
127,00:32:25
284,00:32:37
301,00:32:38
139,00:32:41
334,00:32:42
389,00:32:58
1078,00:33:10
49,00:33:12
1505,00:33:14
1467,00:33:42
467,00:33:45
1600,00:33:50
1523,00:34:02
735,00:34:08
7,00:34:22
513,00:34:26
1529,00:34:33
1284,00:34:34
1903,00:34:37
2076,00:34:38
129,00:34:46
1064,00:34:51
750,00:34:57
2078,00:35:08
1637,00:35:09
1976,00:35:09
2027,00:35:11
111,00:35:14
1639,00:35:14
1849,00:35:18
349,00:35:19
498,00:35:19
1752,00:35:19
383,00:35:20
153,00:35:26
1371,00:35:42
797,00:35:50
544,00:35:52
591,00:35:52
1099,00:35:54
1546,00:36:01
1960,00:36:01
1290,00:36:05
1349,00:36:07
2088,00:36:13
1994,00:36:20
239,00:36:26
1978,00:36:31
2072,00:36:33
103,00:36:37
1902,00:36:38
1893,00:36:39
633,00:36:40
150,00:36:41
1833,00:36:41
308,00:36:43
1103,00:36:46
1974,00:36:46
177,00:36:48
598,00:36:52
1956,00:36:53
314,00:36:54
2067,00:36:56
878,00:36:57
1963,00:36:57
446,00:37:02
1522,00:37:02
972,00:37:04
1856,00:37:06
1867,00:37:06
472,00:37:07
1959,00:37:07
1957,00:37:11
2049,00:37:12
1524,00:37:15
1991,00:37:15
852,00:37:17
1814,00:37:19
1653,00:37:20
1767,00:37:22
1977,00:37:22
530,00:37:25
752,00:37:26
381,00:37:32
1610,00:37:32
1769,00:37:34
413,00:37:41
45,00:37:45
1395,00:37:45
1259,00:37:51
1975,00:37:53
751,00:37:55
842,00:37:55
597,00:37:58
1980,00:37:59
1948,00:38:00
181,00:38:03
1811,00:38:09
1640,00:38:10
1619,00:38:11
1138,00:38:12
1937,00:38:12
1649,00:38:14
1955,00:38:14
93,00:38:15
337,00:38:15
2005,00:38:23
1462,00:38:29
1747,00:38:32
1172,00:38:33
116,00:38:35
1087,00:38:37
596,00:38:42
776,00:38:44
25,00:38:45
9,00:38:46
1269,00:38:47
587,00:38:48
13,00:38:50
1818,00:38:51
458,00:38:54
1303,00:38:54
1807,00:38:54
783,00:38:55
958,00:38:57
408,00:38:58
536,00:38:58
1645,00:38:59
1339,00:39:00
1072,00:39:02
1526,00:39:03
1018,00:39:04
1459,00:39:06
355,00:39:07
804,00:39:08
1973,00:39:10
466,00:39:11
896,00:39:11
1754,00:39:12
1940,00:39:14
1222,00:39:15
403,00:39:17
320,00:39:20
1531,00:39:24
1958,00:39:27
1329,00:39:30
763,00:39:31
1748,00:39:32
1632,00:39:33
841,00:39:34
1710,00:39:34
881,00:39:35
1538,00:39:36
1932,00:39:36
1789,00:39:38
1837,00:39:38
1810,00:39:39
303,00:39:43
1935,00:39:43
815,00:39:44
575,00:39:45
92,00:39:47
461,00:39:48
41,00:39:49
1756,00:39:49
556,00:39:51
737,00:39:51
370,00:39:52
951,00:39:53
1291,00:39:56
1045,00:39:57
1302,00:39:57
1257,00:39:59
1651,00:39:59
2028,00:40:00
1817,00:40:01
837,00:40:03
213,00:40:05
184,00:40:09
168,00:40:10
924,00:40:10
988,00:40:13
1970,00:40:14
83,00:40:18
236,00:40:18
1435,00:40:21
385,00:40:22
1340,00:40:25
1557,00:40:28
790,00:40:29
2066,00:40:29
600,00:40:30
204,00:40:31
1708,00:40:34
1875,00:40:35
132,00:40:37
1574,00:40:39
12,00:40:40
560,00:40:41
883,00:40:42
11,00:40:43
77,00:40:45
2015,00:40:45
189,00:40:47
1560,00:40:47
2054,00:40:48
1108,00:40:50
283,00:40:51
672,00:40:51
1433,00:40:51
1947,00:40:52
627,00:40:53
46,00:40:54
247,00:40:55
1053,00:40:57
1667,00:40:57
373,00:40:58
1517,00:40:58
1518,00:41:00
2025,00:41:00
1635,00:41:06
492,00:41:08
688,00:41:09
1535,00:41:09
306,00:41:10
1809,00:41:11
888,00:41:13
906,00:41:13
190,00:41:17
3,00:41:18
991,00:41:18
1055,00:41:18
1466,00:41:19
438,00:41:22
1186,00:41:25
1672,00:41:25
72,00:41:31
1652,00:41:31
973,00:41:37
1136,00:41:37
1828,00:41:37
1137,00:41:41
937,00:41:42
756,00:41:43
759,00:41:43
273,00:41:44
911,00:41:44
959,00:41:44
1134,00:41:44
315,00:41:49
1768,00:41:49
1944,00:41:49
1614,00:41:54
1341,00:41:57
1606,00:42:00
1646,00:42:01
331,00:42:03
1440,00:42:03
1836,00:42:04
1698,00:42:06
836,00:42:08
1391,00:42:08
1630,00:42:08
1705,00:42:08
2075,00:42:08
1285,00:42:09
1317,00:42:09
645,00:42:10
525,00:42:11
1636,00:42:11
105,00:42:12
808,00:42:12
2002,00:42:12
641,00:42:13
197,00:42:14
720,00:42:15
983,00:42:15
1895,00:42:17
758,00:42:19
345,00:42:20
106,00:42:21
1250,00:42:21
1802,00:42:21
203,00:42:22
1439,00:42:22
2061,00:42:22
760,00:42:23
1323,00:42:24
1841,00:42:24
1894,00:42:25
913,00:42:26
1171,00:42:26
2084,00:42:26
75,00:42:28
1725,00:42:28
426,00:42:32
779,00:42:32
1196,00:42:32
241,00:42:34
1418,00:42:35
368,00:42:37
1165,00:42:38
1969,00:42:38
522,00:42:40
2012,00:42:40
683,00:42:41
87,00:42:42
76,00:42:43
14,00:42:44
729,00:42:44
1023,00:42:46
816,00:42:47
965,00:42:47
325,00:42:48
665,00:42:48
889,00:42:48
1106,00:42:48
854,00:42:50
110,00:42:51
288,00:42:51
313,00:42:51
2050,00:42:51
933,00:42:52
1953,00:42:52
470,00:42:53
155,00:42:55
211,00:42:55
533,00:42:55
666,00:42:56
1312,00:42:56
1642,00:42:56
1647,00:42:56
397,00:42:57
668,00:42:57
1964,00:43:00
1662,00:43:01
1004,00:43:02
91,00:43:03
1539,00:43:03
1584,00:43:03
1127,00:43:05
856,00:43:08
791,00:43:09
1541,00:43:10
252,00:43:11
514,00:43:13
1089,00:43:13
739,00:43:14
1460,00:43:15
1553,00:43:16
90,00:43:17
1328,00:43:17
2074,00:43:17
891,00:43:19
1233,00:43:19
63,00:43:20
955,00:43:20
1035,00:43:20
726,00:43:21
934,00:43:21
99,00:43:23
1931,00:43:24
118,00:43:25
55,00:43:26
107,00:43:26
1050,00:43:26
1223,00:43:26
1227,00:43:26
1336,00:43:26
1625,00:43:28
936,00:43:31
1622,00:43:31
19,00:43:34
940,00:43:34
1430,00:43:34
970,00:43:35
929,00:43:36
1912,00:43:36
292,00:43:37
1167,00:43:38
1451,00:43:38
152,00:43:42
895,00:43:42
1812,00:43:42
2070,00:43:42
40,00:43:43
391,00:43:44
769,00:43:44
123,00:43:45
967,00:43:46
2082,00:43:46
893,00:43:48
140,00:43:49
367,00:43:49
741,00:43:49
2068,00:43:49
1586,00:43:50
1694,00:43:52
151,00:43:55
459,00:43:55
606,00:43:55
1417,00:43:55
165,00:43:57
476,00:43:57
941,00:43:58
1829,00:43:59
1040,00:44:02
1822,00:44:03
687,00:44:05
819,00:44:05
1835,00:44:05
221,00:44:06
216,00:44:07
1528,00:44:08
949,00:44:09
1008,00:44:09
1286,00:44:10
1351,00:44:10
1463,00:44:11
1979,00:44:11
1981,00:44:11
800,00:44:13
460,00:44:14
1155,00:44:14
1594,00:44:15
1998,00:44:15
212,00:44:17
1852,00:44:18
196,00:44:19
261,00:44:20
974,00:44:20
1938,00:44:21
1943,00:44:21
731,00:44:22
777,00:44:22
384,00:44:23
1107,00:44:23
43,00:44:26
540,00:44:26
880,00:44:26
1609,00:44:26
2089,00:44:29
1421,00:44:31
291,00:44:33
1411,00:44:35
1890,00:44:36
943,00:44:37
1607,00:44:37
1790,00:44:37
434,00:44:38
962,00:44:38
640,00:44:39
1442,00:44:39
1454,00:44:42
840,00:44:44
404,00:44:46
964,00:44:47
604,00:44:49
519,00:44:51
738,00:44:51
419,00:44:53
1613,00:44:53
1936,00:44:53
251,00:44:54
1304,00:44:54
1318,00:44:57
1401,00:45:00
1815,00:45:01
1824,00:45:01
1115,00:45:02
1855,00:45:02
1130,00:45:03
1348,00:45:03
268,00:45:06
558,00:45:06
69,00:45:07
231,00:45:08
1456,00:45:10
1457,00:45:10
803,00:45:11
1455,00:45:11
96,00:45:13
1429,00:45:13
311,00:45:15
317,00:45:16
124,00:45:17
1218,00:45:17
1623,00:45:17
723,00:45:18
1966,00:45:18
718,00:45:21
818,00:45:22
886,00:45:22
1174,00:45:22
1910,00:45:23
47,00:45:24
65,00:45:25
1297,00:45:25
1601,00:45:25
1299,00:45:26
599,00:45:27
2060,00:45:28
2065,00:45:28
1808,00:45:30
2073,00:45:32
1169,00:45:33
1226,00:45:36
1350,00:45:36
2083,00:45:36
1608,00:45:37
1741,00:45:37
214,00:45:39
329,00:45:39
1320,00:45:39
1593,00:45:39
1627,00:45:39
1684,00:45:40
39,00:45:41
297,00:45:44
1941,00:45:44
571,00:45:45
747,00:45:45
1215,00:45:46
810,00:45:47
1575,00:45:47
867,00:45:48
332,00:45:49
375,00:45:49
637,00:45:51
109,00:45:52
444,00:45:54
1039,00:45:54
870,00:45:56
1842,00:45:58
271,00:45:59
1683,00:46:00
59,00:46:02
1489,00:46:02
1033,00:46:03
1898,00:46:03
166,00:46:04
222,00:46:04
1390,00:46:04
1016,00:46:05
714,00:46:06
1773,00:46:06
859,00:46:07
240,00:46:08
820,00:46:08
172,00:46:09
462,00:46:12
805,00:46:12
1189,00:46:12
157,00:46:13
656,00:46:14
1904,00:46:14
1905,00:46:14
960,00:46:15
1582,00:46:15
70,00:46:18
333,00:46:18
780,00:46:20
629,00:46:24
1521,00:46:25
1801,00:46:30
67,00:46:31
1914,00:46:31
700,00:46:32
1641,00:46:33
1703,00:46:33
1919,00:46:33
174,00:46:35
1597,00:46:38
1826,00:46:38
430,00:46:39
518,00:46:39
865,00:46:39
1820,00:46:39
1420,00:46:40
1071,00:46:41
1122,00:46:41
1164,00:46:41
290,00:46:42
957,00:46:42
1446,00:46:43
173,00:46:47
990,00:46:48
1120,00:46:49
1436,00:46:50
2053,00:46:50
1482,00:46:51
833,00:46:54
921,00:46:54
1036,00:46:54
1199,00:46:54
1872,00:46:54
2032,00:46:54
1595,00:46:56
1911,00:46:56
857,00:46:57
209,00:46:58
1084,00:46:58
1449,00:46:58
1797,00:47:00
258,00:47:01
201,00:47:03
1354,00:47:03
583,00:47:05
866,00:47:05
1025,00:47:05
1097,00:47:07
1288,00:47:08
678,00:47:09
287,00:47:11
1184,00:47:13
2063,00:47:13
1634,00:47:14
823,00:47:15
650,00:47:18
845,00:47:18
963,00:47:18
1671,00:47:18
753,00:47:22
966,00:47:22
1532,00:47:22
85,00:47:23
528,00:47:23
914,00:47:23
649,00:47:25
742,00:47:25
17,00:47:26
1796,00:47:27
684,00:47:28
685,00:47:28
910,00:47:28
1277,00:47:29
80,00:47:31
660,00:47:31
1048,00:47:31
1058,00:47:31
512,00:47:32
1458,00:47:32
1845,00:47:32
477,00:47:33
785,00:47:34
1472,00:47:34
1897,00:47:36
1102,00:47:38
326,00:47:41
784,00:47:41
1052,00:47:42
1029,00:47:43
1423,00:47:43
507,00:47:50
1847,00:47:50
272,00:47:52
441,00:47:52
1670,00:47:53
1675,00:47:53
909,00:47:58
1453,00:47:58
1519,00:47:58
1293,00:47:59
1448,00:47:59
515,00:48:01
698,00:48:01
899,00:48:02
1620,00:48:02
1591,00:48:03
1271,00:48:04
1724,00:48:05
987,00:48:06
36,00:48:07
242,00:48:07
764,00:48:07
628,00:48:08
732,00:48:08
328,00:48:09
392,00:48:11
1438,00:48:12
163,00:48:13
1930,00:48:15
457,00:48:17
1425,00:48:17
643,00:48:18
1224,00:48:19
1611,00:48:21
1434,00:48:22
1865,00:48:23
289,00:48:24
696,00:48:24
1175,00:48:25
1338,00:48:27
712,00:48:28
664,00:48:29
1077,00:48:29
1843,00:48:29
754,00:48:31
863,00:48:31
1506,00:48:32
1596,00:48:32
1062,00:48:34
1324,00:48:34
1194,00:48:36
1162,00:48:37
1240,00:48:37
1246,00:48:38
2094,00:48:38
1400,00:48:39
1674,00:48:39
2096,00:48:39
1185,00:48:40
1251,00:48:41
504,00:48:44
1530,00:48:47
1009,00:48:48
1666,00:48:48
2093,00:48:48
478,00:48:50
1432,00:48:50
1516,00:48:50
1520,00:48:50
771,00:48:53
1989,00:48:54
310,00:48:55
1889,00:48:55
585,00:48:56
1096,00:48:58
1654,00:48:58
229,00:49:00
725,00:49:01
1234,00:49:01
5,00:49:02
1746,00:49:02
1118,00:49:06
1263,00:49:10
232,00:49:12
1452,00:49:12
1069,00:49:14
1883,00:49:14
860,00:49:15
1301,00:49:19
1321,00:49:19
366,00:49:20
343,00:49:21
605,00:49:21
721,00:49:21
1921,00:49:21
2010,00:49:22
482,00:49:25
1589,00:49:25
263,00:49:26
545,00:49:27
502,00:49:28
607,00:49:28
250,00:49:29
1548,00:49:29
1588,00:49:30
1590,00:49:30
281,00:49:31
748,00:49:31
1887,00:49:32
262,00:49:33
2000,00:49:34
1514,00:49:35
2042,00:49:35
2011,00:49:36
365,00:49:37
569,00:49:38
1173,00:49:38
1260,00:49:40
1426,00:49:44
954,00:49:46
1592,00:49:46
693,00:49:47
56,00:49:48
850,00:49:50
1984,00:49:50
1626,00:49:51
1918,00:49:52
1566,00:49:57
88,00:49:58
702,00:49:58
1369,00:49:58
341,00:49:59
847,00:49:59
1495,00:50:02
186,00:50:03
1043,00:50:03
1749,00:50:04
266,00:50:05
374,00:50:05
440,00:50:05
265,00:50:06
623,00:50:06
34,00:50:07
1783,00:50:07
950,00:50:09
1068,00:50:09
1707,00:50:10
1781,00:50:10
321,00:50:11
465,00:50:11
1777,00:50:11
1778,00:50:11
248,00:50:14
1776,00:50:18
1559,00:50:19
581,00:50:22
1573,00:50:24
183,00:50:27
195,00:50:27
879,00:50:32
2048,00:50:32
1041,00:50:34
582,00:50:35
442,00:50:36
768,00:50:36
639,00:50:38
1361,00:50:39
161,00:50:41
382,00:50:41
488,00:50:42
1255,00:50:42
1578,00:50:43
1579,00:50:43
510,00:50:44
692,00:50:44
667,00:50:45
903,00:50:46
1221,00:50:47
435,00:50:48
405,00:50:49
555,00:50:49
935,00:50:49
1997,00:50:54
1988,00:50:55
1987,00:50:56
817,00:50:57
730,00:50:58
736,00:50:58
1098,00:50:58
322,00:50:59
330,00:50:59
1095,00:50:59
1534,00:50:59
1840,00:50:59
1861,00:50:59
327,00:51:00
659,00:51:00
734,00:51:00
1044,00:51:00
1844,00:51:00
1871,00:51:00
733,00:51:01
1468,00:51:01
2006,00:51:01
414,00:51:02
474,00:51:02
1037,00:51:02
1862,00:51:02
1885,00:51:03
475,00:51:04
1279,00:51:05
1558,00:51:05
1360,00:51:06
1900,00:51:07
1857,00:51:10
1158,00:51:11
657,00:51:12
767,00:51:14
932,00:51:14
1399,00:51:14
2080,00:51:15
81,00:51:18
652,00:51:21
1751,00:51:22
1427,00:51:24
509,00:51:26
884,00:51:26
1793,00:51:26
104,00:51:27
1022,00:51:27
1745,00:51:31
230,00:51:32
535,00:51:32
1402,00:51:32
2095,00:51:32
51,00:51:33
71,00:51:34
526,00:51:35
1792,00:51:35
580,00:51:36
1854,00:51:38
84,00:51:42
1159,00:51:43
844,00:51:44
1154,00:51:44
1821,00:51:45
396,00:51:47
218,00:51:48
662,00:51:50
1315,00:51:52
1375,00:51:52
1972,00:51:53
277,00:51:55
278,00:51:55
861,00:51:55
728,00:51:56
1846,00:51:56
1146,00:51:58
787,00:51:59
1415,00:51:59
362,00:52:01
469,00:52:01
573,00:52:01
625,00:52:01
1853,00:52:02
279,00:52:03
380,00:52:03
22,00:52:04
1414,00:52:04
170,00:52:06
364,00:52:06
1954,00:52:09
424,00:52:10
529,00:52:10
531,00:52:10
200,00:52:11
1370,00:52:11
354,00:52:12
436,00:52:12
1129,00:52:12
905,00:52:13
275,00:52:14
1310,00:52:18
219,00:52:19
1258,00:52:19
1950,00:52:22
1228,00:52:24
1612,00:52:24
66,00:52:25
1156,00:52:26
1628,00:52:28
543,00:52:30
673,00:52:30
2044,00:52:30
1464,00:52:31
1720,00:52:32
101,00:52:34
612,00:52:35
73,00:52:36
1884,00:52:36
1888,00:52:37
1971,00:52:37
1362,00:52:40
1990,00:52:41
1965,00:52:43
1759,00:52:45
864,00:52:48
1268,00:52:48
1891,00:52:51
485,00:52:54
516,00:52:54
1775,00:52:57
52,00:53:00
146,00:53:02
1419,00:53:02
120,00:53:03
862,00:53:03
500,00:53:04
1926,00:53:04
917,00:53:05
2077,00:53:06
429,00:53:07
348,00:53:08
1372,00:53:08
931,00:53:10
1803,00:53:13
919,00:53:14
1441,00:53:14
62,00:53:15
347,00:53:15
323,00:53:16
682,00:53:17
1273,00:53:20
97,00:53:21
521,00:53:21
94,00:53:23
215,00:53:25
1663,00:53:27
1664,00:53:27
1007,00:53:28
1587,00:53:29
32,00:53:30
1148,00:53:30
1527,00:53:30
1583,00:53:30
456,00:53:31
992,00:53:31
1235,00:53:31
422,00:53:32
431,00:53:32
849,00:53:34
1443,00:53:34
2081,00:53:34
1794,00:53:35
1342,00:53:36
1379,00:53:36
1771,00:53:36
402,00:53:37
710,00:53:37
1231,00:53:37
1201,00:53:38
1256,00:53:38
1011,00:53:39
1182,00:53:39
1160,00:53:40
202,00:53:44
210,00:53:45
1272,00:53:45
1021,00:53:47
144,00:53:48
452,00:53:49
1549,00:53:49
1761,00:53:49
253,00:53:50
744,00:53:50
1334,00:53:50
1723,00:53:50
1117,00:53:52
89,00:53:53
1105,00:53:54
1393,00:53:58
2090,00:53:58
923,00:53:59
119,00:54:01
1394,00:54:01
1407,00:54:02
463,00:54:03
619,00:54:05
74,00:54:08
1655,00:54:09
1563,00:54:15
901,00:54:16
1005,00:54:17
1032,00:54:17
1913,00:54:17
681,00:54:18
1311,00:54:18
471,00:54:19
887,00:54:19
68,00:54:20
548,00:54:21
1648,00:54:22
2047,00:54:22
851,00:54:23
2008,00:54:23
1289,00:54:24
449,00:54:25
1192,00:54:25
188,00:54:26
1863,00:54:26
654,00:54:28
1367,00:54:29
2052,00:54:32
1042,00:54:36
1851,00:54:42
568,00:54:43
1728,00:54:43
454,00:54:46
2035,00:54:47
982,00:54:48
716,00:54:49
246,00:54:50
2038,00:54:50
809,00:54:52
1556,00:54:52
406,00:54:53
433,00:54:56
2029,00:54:58
1254,00:55:00
1178,00:55:01
1179,00:55:01
1577,00:55:03
1237,00:55:04
563,00:55:05
1176,00:55:06
1892,00:55:06
1150,00:55:08
1278,00:55:10
897,00:55:13
1049,00:55:13
1131,00:55:13
1576,00:55:13
1398,00:55:17
1551,00:55:19
564,00:55:23
131,00:55:27
677,00:55:27
2085,00:55:27
282,00:55:29
1012,00:55:29
1873,00:55:29
928,00:55:30
961,00:55:33
1554,00:55:33
137,00:55:34
834,00:55:36
1475,00:55:41
994,00:55:42
233,00:55:43
450,00:55:43
455,00:55:43
1121,00:55:44
799,00:55:46
873,00:55:46
592,00:55:48
1598,00:55:48
1697,00:55:53
814,00:55:54
1014,00:55:54
1019,00:55:54
1144,00:55:54
745,00:55:55
1763,00:55:56
86,00:55:59
1413,00:56:01
223,00:56:03
1509,00:56:04
1933,00:56:05
53,00:56:06
762,00:56:06
2069,00:56:06
1287,00:56:07
1497,00:56:07
346,00:56:09
610,00:56:13
1220,00:56:13
892,00:56:14
1366,00:56:15
1715,00:56:18
1388,00:56:19
577,00:56:20
1874,00:56:20
154,00:56:22
1015,00:56:23
1533,00:56:23
1561,00:56:25
1850,00:56:25
1204,00:56:28
1253,00:56:29
1696,00:56:29
869,00:56:30
1564,00:56:30
1565,00:56:30
1431,00:56:39
1437,00:56:39
686,00:56:40
894,00:56:40
1249,00:56:40
15,00:56:41
1392,00:56:42
428,00:56:43
1116,00:56:43
309,00:56:44
350,00:56:45
1313,00:56:48
1633,00:56:48
969,00:56:49
267,00:56:50
699,00:56:50
420,00:56:54
584,00:56:56
942,00:56:57
1804,00:57:00
588,00:57:05
1346,00:57:05
1327,00:57:06
1276,00:57:07
1603,00:57:08
1264,00:57:10
399,00:57:11
257,00:57:12
48,00:57:15
206,00:57:15
387,00:57:15
1923,00:57:15
113,00:57:16
388,00:57:16
2056,00:57:22
1030,00:57:27
316,00:57:29
372,00:57:29
916,00:57:29
996,00:57:32
1631,00:57:32
1183,00:57:35
523,00:57:36
125,00:57:38
567,00:57:39
1868,00:57:42
907,00:57:44
1316,00:57:44
1282,00:57:47
1581,00:57:52
274,00:57:58
1387,00:57:58
1471,00:57:59
980,00:58:01
542,00:58:04
946,00:58:05
1248,00:58:05
890,00:58:07
1831,00:58:07
1782,00:58:09
1780,00:58:10
1832,00:58:10
1085,00:58:13
359,00:58:15
1492,00:58:16
1065,00:58:19
1198,00:58:21
1470,00:58:21
1197,00:58:22
2019,00:58:22
2046,00:58:22
825,00:58:24
1109,00:58:29
1111,00:58:31
1939,00:58:35
786,00:58:39
1580,00:58:40
1750,00:58:40
1848,00:58:41
296,00:58:48
351,00:58:48
1333,00:58:51
674,00:58:53
2026,00:58:53
675,00:58:54
1985,00:58:54
1100,00:58:57
1986,00:58:58
2031,00:58:58
1126,00:59:00
1858,00:59:01
1618,00:59:03
280,00:59:05
1788,00:59:10
1347,00:59:13
1382,00:59:13
1378,00:59:15
1881,00:59:16
1882,00:59:16
532,00:59:25
948,00:59:32
527,00:59:34
646,00:59:38
1275,00:59:38
875,00:59:40
717,00:59:42
2009,00:59:42
1337,00:59:44
1465,00:59:44
2014,00:59:44
121,00:59:45
421,00:59:46
1135,00:59:46
1245,00:59:46
270,00:59:47
984,00:59:48
1493,00:59:50
1490,00:59:51
559,00:59:52
480,00:59:53
647,00:59:53
2051,00:59:53
410,00:59:54
1047,01:00:02
1376,01:00:02
1983,01:00:06
1949,01:00:10
1027,01:00:12
1791,01:00:12
2016,01:00:16
2017,01:00:16
1555,01:00:18
50,01:00:20
254,01:00:26
1550,01:00:29
1123,01:00:32
908,01:00:34
1307,01:00:37
976,01:00:38
1825,01:00:38
1562,01:00:40
1191,01:00:41
1908,01:00:44
1266,01:00:46
1934,01:00:46
788,01:00:48
1274,01:00:48
401,01:00:50
781,01:00:51
782,01:00:53
1147,01:00:59
534,01:01:03
724,01:01:12
828,01:01:12
642,01:01:13
1503,01:01:19
626,01:01:24
1644,01:01:26
1473,01:01:28
432,01:01:30
770,01:01:30
1604,01:01:33
1602,01:01:34
743,01:01:35
944,01:01:38
1059,01:01:38
1061,01:01:38
538,01:01:41
551,01:01:42
1229,01:01:45
133,01:01:52
517,01:01:55
1319,01:01:55
541,01:02:01
1999,01:02:05
2001,01:02:05
1719,01:02:07
158,01:02:12
811,01:02:12
1525,01:02:13
761,01:02:14
998,01:02:16
589,01:02:18
706,01:02:18
1629,01:02:20
1010,01:02:21
138,01:02:29
1151,01:02:29
1729,01:02:30
1180,01:02:31
1181,01:02:31
1757,01:02:32
1389,01:02:33
1688,01:02:33
1119,01:02:34
1755,01:02:39
1211,01:02:40
1686,01:02:41
795,01:02:43
1140,01:02:48
1020,01:02:54
1412,01:02:59
1711,01:02:59
117,01:03:10
746,01:03:21
651,01:03:26
904,01:03:26
2021,01:03:26
237,01:03:27
1758,01:03:36
238,01:03:42
690,01:03:43
1244,01:03:44
1143,01:03:47
1139,01:03:48
1907,01:03:55
1669,01:03:56
1086,01:04:01
302,01:04:03
2013,01:04:03
2045,01:04:03
1325,01:04:04
2024,01:04:06
464,01:04:07
663,01:04:08
1469,01:04:10
1992,01:04:14
2030,01:04:16
1359,01:04:21
1358,01:04:22
2062,01:04:27
199,01:04:28
1028,01:04:28
1283,01:04:28
1481,01:04:34
1368,01:04:36
1656,01:04:36
393,01:04:38
1621,01:04:38
443,01:04:44
1397,01:04:44
1567,01:04:44
1363,01:04:45
1365,01:04:45
670,01:04:47
145,01:04:49
1070,01:04:51
294,01:04:58
1326,01:04:59
794,01:05:07
709,01:05:09
708,01:05:11
900,01:05:12
1424,01:05:13
1450,01:05:19
1585,01:05:31
822,01:05:33
872,01:05:41
611,01:05:47
187,01:05:50
1190,01:05:51
1383,01:05:53
1422,01:06:06
1673,01:06:06
1238,01:06:14
1996,01:06:16
1063,01:06:17
363,01:06:18
1886,01:06:19
2007,01:06:20
1709,01:06:22
614,01:06:28
898,01:06:37
108,01:06:40
846,01:06:41
427,01:06:42
298,01:06:48
1795,01:06:49
339,01:06:56
342,01:06:56
141,01:07:02
1161,01:07:03
1685,01:07:03
1153,01:07:31
1252,01:07:32
1232,01:07:37
1714,01:07:47
1738,01:07:49
1739,01:07:49
1740,01:07:50
1537,01:07:53
37,01:07:57
193,01:08:01
228,01:08:01
54,01:08:06
324,01:08:06
503,01:08:07
1149,01:08:09
1357,01:08:14
1501,01:08:14
1355,01:08:15
1364,01:08:15
27,01:08:17
1760,01:08:34
1236,01:08:40
1114,01:08:41
1082,01:08:48
142,01:08:49
1280,01:08:49
489,01:08:52
1716,01:09:06
1702,01:09:08
1243,01:09:09
1406,01:09:10
622,01:09:11
1416,01:09:12
1701,01:09:12
276,01:09:16
1241,01:09:16
1706,01:09:17
1764,01:09:31
1766,01:09:31
1765,01:09:32
1502,01:09:34
1909,01:09:36
2041,01:09:37
2039,01:09:38
1230,01:09:40
1786,01:09:43
171,01:09:51
1733,01:09:56
773,01:10:00
1787,01:10:02
58,01:10:04
1668,01:10:05
829,01:10:11
2064,01:10:13
398,01:10:14
624,01:10:14
2058,01:10:17
2055,01:10:18
2057,01:10:18
2059,01:10:18
631,01:10:35
31,01:10:36
2003,01:10:36
418,01:10:44
801,01:10:45
617,01:10:46
874,01:10:49
1386,01:10:50
1132,01:10:53
149,01:10:57
1247,01:11:36
1242,01:11:37
1799,01:11:37
1712,01:11:45
1477,01:11:48
704,01:11:50
1133,01:12:03
2034,01:12:07
1267,01:12:49
159,01:13:03
813,01:13:09
2092,01:13:09
2091,01:13:11
2097,01:13:11
307,01:13:18
1373,01:13:23
613,01:13:26
1478,01:13:26
143,01:13:59
453,01:14:02
807,01:14:14
1265,01:14:20
2033,01:14:26
2036,01:14:26
1859,01:14:34
1295,01:14:40
1296,01:14:42
830,01:14:45
1000,01:14:47
2040,01:15:04
511,01:15:30
1962,01:16:12
1968,01:16:12
2018,01:16:15
2022,01:16:16
2020,01:16:17
249,01:17:23
1331,01:17:37
1380,01:17:43
1381,01:17:43
1124,01:17:44
765,01:18:02
1403,01:18:02
1031,01:18:07
1408,01:18:13
98,01:18:51
417,01:18:52
1444,01:19:09
1113,01:19:58
1104,01:19:59
217,01:20:35
979,01:21:24
319,01:22:55
561,01:24:07
539,01:25:03
680,01:25:04
927,01:25:43
1678,01:25:56
1682,01:25:56
0,None
1,None
2,None
4,None
8,None
10,None
16,None
18,None
20,None
21,None
23,None
26,None
28,None
29,None
30,None
33,None
35,None
38,None
42,None
44,None
57,None
60,None
61,None
64,None
78,None
79,None
82,None
95,None
100,None
102,None
112,None
114,None
115,None
122,None
126,None
128,None
130,None
134,None
135,None
136,None
147,None
148,None
156,None
160,None
162,None
164,None
167,None
169,None
175,None
176,None
178,None
179,None
180,None
182,None
185,None
191,None
192,None
194,None
198,None
205,None
207,None
208,None
220,None
224,None
225,None
226,None
227,None
234,None
235,None
243,None
244,None
245,None
255,None
256,None
259,None
260,None
264,None
269,None
285,None
293,None
295,None
299,None
300,None
304,None
305,None
312,None
318,None
335,None
336,None
338,None
340,None
344,None
352,None
353,None
356,None
357,None
358,None
360,None
361,None
369,None
371,None
376,None
377,None
378,None
379,None
386,None
390,None
394,None
395,None
400,None
407,None
411,None
412,None
415,None
416,None
423,None
425,None
437,None
445,None
447,None
448,None
451,None
468,None
473,None
479,None
481,None
483,None
484,None
486,None
487,None
490,None
491,None
493,None
494,None
495,None
496,None
497,None
499,None
501,None
505,None
506,None
508,None
520,None
524,None
537,None
546,None
547,None
549,None
550,None
552,None
553,None
554,None
557,None
562,None
565,None
566,None
570,None
572,None
574,None
576,None
578,None
579,None
586,None
593,None
594,None
595,None
601,None
602,None
603,None
608,None
609,None
615,None
616,None
618,None
620,None
621,None
630,None
632,None
634,None
635,None
636,None
638,None
644,None
648,None
653,None
655,None
658,None
661,None
669,None
671,None
676,None
679,None
689,None
691,None
694,None
695,None
697,None
701,None
703,None
705,None
707,None
711,None
713,None
715,None
719,None
722,None
727,None
740,None
749,None
755,None
766,None
772,None
774,None
775,None
778,None
789,None
792,None
793,None
796,None
798,None
802,None
806,None
812,None
821,None
824,None
826,None
827,None
831,None
832,None
835,None
838,None
839,None
843,None
848,None
853,None
855,None
858,None
868,None
871,None
876,None
877,None
882,None
885,None
902,None
912,None
915,None
918,None
920,None
922,None
925,None
926,None
930,None
938,None
939,None
945,None
947,None
952,None
953,None
956,None
968,None
971,None
975,None
977,None
978,None
981,None
985,None
986,None
989,None
993,None
995,None
997,None
999,None
1001,None
1002,None
1003,None
1006,None
1013,None
1017,None
1024,None
1026,None
1034,None
1038,None
1046,None
1051,None
1054,None
1056,None
1057,None
1060,None
1066,None
1067,None
1073,None
1074,None
1075,None
1076,None
1079,None
1080,None
1081,None
1083,None
1088,None
1090,None
1091,None
1092,None
1093,None
1094,None
1101,None
1110,None
1112,None
1125,None
1128,None
1141,None
1142,None
1145,None
1152,None
1157,None
1163,None
1166,None
1168,None
1170,None
1177,None
1187,None
1188,None
1193,None
1195,None
1200,None
1202,None
1203,None
1205,None
1206,None
1207,None
1208,None
1209,None
1210,None
1212,None
1213,None
1214,None
1216,None
1217,None
1219,None
1225,None
1239,None
1261,None
1262,None
1270,None
1281,None
1292,None
1294,None
1298,None
1300,None
1305,None
1306,None
1308,None
1309,None
1314,None
1322,None
1330,None
1332,None
1335,None
1343,None
1344,None
1345,None
1352,None
1353,None
1356,None
1374,None
1377,None
1384,None
1385,None
1396,None
1404,None
1405,None
1409,None
1410,None
1428,None
1445,None
1447,None
1461,None
1474,None
1476,None
1479,None
1480,None
1483,None
1484,None
1485,None
1486,None
1487,None
1488,None
1491,None
1494,None
1496,None
1498,None
1499,None
1500,None
1504,None
1507,None
1508,None
1510,None
1511,None
1512,None
1513,None
1515,None
1536,None
1540,None
1542,None
1543,None
1544,None
1545,None
1547,None
1552,None
1568,None
1569,None
1570,None
1571,None
1572,None
1599,None
1605,None
1615,None
1616,None
1617,None
1624,None
1638,None
1643,None
1657,None
1658,None
1659,None
1660,None
1661,None
1665,None
1676,None
1677,None
1679,None
1680,None
1681,None
1687,None
1689,None
1690,None
1691,None
1692,None
1693,None
1695,None
1699,None
1700,None
1704,None
1713,None
1717,None
1718,None
1721,None
1722,None
1726,None
1727,None
1730,None
1731,None
1732,None
1734,None
1735,None
1736,None
1737,None
1742,None
1743,None
1744,None
1753,None
1762,None
1770,None
1772,None
1774,None
1779,None
1784,None
1785,None
1798,None
1800,None
1805,None
1806,None
1816,None
1819,None
1823,None
1827,None
1830,None
1834,None
1839,None
1860,None
1864,None
1866,None
1869,None
1870,None
1876,None
1877,None
1878,None
1879,None
1880,None
1896,None
1899,None
1901,None
1906,None
1915,None
1916,None
1917,None
1920,None
1922,None
1924,None
1925,None
1927,None
1928,None
1929,None
1942,None
1945,None
1946,None
1951,None
1952,None
1961,None
1967,None
1993,None
2004,None
2023,None
2037,None
2043,None
2071,None
2079,None
2086,None
2087,None
2098,None
2099,None
2100,None
2101,None
2102,None
2103,None
2104,None
2105,None
2106,None
2107,None
2108,None
2109,None
2110,None
2111,None
2112,None
2113,None
2114,None
2115,None
2116,None
2117,None
2118,None
2119,None
2120,None
2121,None
2122,None
2123,None
2124,None
2125,None
2126,None
2127,None
2128,None
2129,None
2130,None
2131,None
2132,None
2133,None
2134,None
2135,None
2136,None
2137,None
2138,None
2139,None
2140,None
2141,None
2142,None
2143,None
2144,None
2145,None
2146,None
2147,None
2148,None
2149,None
2150,None
2151,None
2152,None
2153,None
2154,None
2155,None
2156,None
2157,None
2158,None
2159,None
2160,None
2161,None
2162,None
2163,None
2164,None
2165,None
2166,None
2167,None
2168,None
2169,None
2170,None
2171,None
2172,None
2173,None
2174,None
2175,None
2176,None
2177,None
2178,None
2179,None
2180,None
2181,None
2182,None
2183,None
2184,None
2185,None
2186,None
2187,None
2188,None
2189,None
2190,None
2191,None
2192,None
2193,None
2194,None
2195,None
2196,None
2197,None
2198,None
2199,None
2200,None
2201,None
2202,None
2203,None
2204,None
2205,None
2206,None
2207,None
2208,None
2209,None
2210,None
2211,None
2212,None
2213,None
2214,None
2215,None
2216,None
2217,None
2218,None
2219,None
2220,None
2221,None
2222,None
2223,None
2224,None
2225,None
2226,None
2227,None
2228,None
2229,None
2230,None
2231,None
2232,None
2233,None
2234,None
2235,None
2236,None
2237,None
2238,None
2239,None
2240,None
2241,None
2242,None
2243,None
2244,None
2245,None
2246,None
2247,None
2248,None
2249,None
2250,None
2251,None
2252,None
2253,None
2254,None
2255,None
2256,None
2257,None
2258,None
2259,None
2260,None
2261,None
2262,None
2263,None
2264,None
2265,None
2266,None
2267,None
2268,None
2269,None
2270,None
2271,None
2272,None
2273,None
2274,None
2275,None
2276,None
2277,None
2278,None
2279,None
2280,None
2281,None
2282,None
2283,None
2284,None
2285,None
2286,None
2287,None
2288,None
2289,None
2290,None
2291,None
2292,None
2293,None
2294,None
2295,None
2296,None
2297,None
2298,None
2299,None
2300,None
2301,None
2302,None
2303,None
2304,None
2305,None
2306,None
2307,None
2308,None
2309,None
2310,None
2311,None
2312,None
2313,None
2314,None
2315,None
2316,None
2317,None
2318,None
2319,None
2320,None